time,open,high,low,close,Volume
1618407000,381,429.54,310,328.28,81065746
1618493400,348.9,349.2,317.2701,322.75,39777858
1618579800,327.5,345.99,321.03,342,22654542
1618839000,337.26,341.01,326.79,333,11405556
1618925400,333.425,334.83,312.0201,320.82,18082257
1619011800,312.52,327.47,302.1,311.92,10103896
1619098200,305.7595,313.5,287.2033,293.45,14991941
1619184600,282.75,303,282.07,291.6,9891146
1619443800,304.29,306.1,296.9,304.54,6330230
1619530200,306.7,306.7,299.5,302,3901957
1619616600,301.01,302.8999,298.05,298.05,2746079
1619703000,298.4494,300,292.1,294.77,2845798
1619789400,293,302.7399,291,297.64,3997384
1620048600,304,305.03,293.94,294.21,3333846
1620135000,292.0622,292.19,275.61,280.66,5707704
1620221400,284.9521,289.15,269,273,5074631
1620307800,271.15,272.14,250.51,256.76,8342002
1620394200,261.1519,267.072,258.3801,263.7,4243741
1620653400,266.4,297.5,259.37,293.45,10268641
1620739800,281.05,303.32,276.51,303,7456019
1620826200,299.5428,306.98,280.79,283.61,7214195
1620912600,276.46,285,252.26,265.1,11226843
1620999000,280.37,280.64,256.351,258.37,11751752
1621258200,250,250.25,238.25,248.24,8828143
1621344600,238.83,252.165,238.5,239,7852101
1621431000,212.9256,229,208,224.8,16765954
1621517400,236.1,238.8,226.2601,233.4,10386891
1621603800,235.97,238.97,223.9,224.35,7554937
1621863000,227.28,231,224.04,225.3,10185621
1621949400,230,243.99,228,242.41,11827823
1622035800,247.5,249.39,239.3727,241.52,6602815
1622122200,245.21,247.24,240.32,247.09,5083274
1622208600,243.57,244.63,236.54,236.54,5091479
1622554200,238.51,244.7094,238.1,238.93,3962697
1622640600,242.7962,243.9,238.71,240.48,3383753
1622727000,241.39,241.5,233.5001,233.66,3091112
1622813400,229.9939,233.36,227.5,228.79,3775123
1623072600,229.9179,232.56,226.5,231.45,2658314
1623159000,227.16,229.329,217.4,220.66,6015772
1623245400,222.795,229.789,217.4,224.32,6865914
1623331800,226.22,229.7856,221.47,221.85,3955294
1623418200,223.5,225.74,221.96,223.92,2383458
1623677400,231.265,239.76,229.76,239.1,6151688
1623763800,236.227,237.6699,230.96,232.21,3007899
1623850200,231.4,234.68,226.28,228.05,2874844
1623936600,226.88,233.23,226.35,230.66,2589611
1624023000,226.92,232.69,226.5,229.29,3265165
1624282200,223.14,224.99,218.7672,222.6,4687569
1624368600,216.25,223.15,210.77,222.47,6206112
1624455000,225.54,230.5231,224.5001,226.01,3394664
1624541400,228.46,230.04,226.665,229.93,2857722
1624627800,226.97,227.82,223.22,224.54,2506957
1624887000,227.64,248.06,226.13,246.69,7449035
1624973400,250.2,261.15,250.01,254.9,7867552
1625059800,248.3,254.67,247,253.3,4143487
1625146200,251.09,255.15,240.53,241.44,3627357
1625232600,242,246.8004,238.88,240.72,2328028
1625578200,243,243,234.0201,235.41,2212615
1625664600,238.9608,252.99,232.3362,251.97,4804431
1625751000,239,246.6,233.61,244.29,4349961
1625837400,245,256.99,244.21,253.88,4457367
1626096600,254,254.89,246.83,247.67,2222085
1626183000,245.51,249.15,242.9303,243.31,3307965
1626269400,244.9,247.45,229.16,229.94,4808426
1626355800,229.94,234.47,220.37,224.63,3635910
1626442200,227.2,231.3,220.6645,225.01,3373060
1626701400,216.92,221.89,213.22,220.61,3149313
1626787800,216.71,226.89,213.23,224.96,3104775
1626874200,231.6975,237.15,229.19,230.87,3677370
1626960600,232,232.32,224.5,226.08,2551694
1627047000,226.22,227.3465,222.73,224.92,1574726
1627306200,240.0835,249.8,237.88,245.45,7615718
1627392600,243,243.21,229.12,235.08,5636360
1627479000,240.3,242.8657,238.03,241.75,2065223
1627565400,241.77,245.1599,235.33,235.78,2453058
1627651800,233.28,238.07,231.8956,236.58,2041063
1627911000,237.28,240.3765,233.8,235.4,2151346
1627997400,233.87,235.6899,226.91,230.18,2850545
1628083800,231.06,245.4683,229.85,244.36,3684694
1628170200,239.76,258.31,237.59,255.5,6017849
1628256600,255.5,263.9,250.23,258.26,5579943
1628515800,267.85,282.43,267.5,280.47,8892383
1628602200,280.67,281.5,264.25,269.67,7723436
1628688600,282.338,294,274.3501,278.4,13998306
1628775000,266.39,267.75,255.2,256.5,8266747
1628861400,262.82,266.5,259.97,261.25,4472802
1629120600,265.26,265.43,253.6018,256.83,3241136
1629207000,253.14,260.74,246.23,250.8,3101977
1629293400,249,254.4,243.76,244.39,2564969
1629379800,240.6,249.77,239.1916,248.24,3247230
1629466200,252,260.62,251.42,257.32,4031097
1629725400,263.6663,266.5,255,256,5705279
1629811800,256.99,260.2499,253.2,259.28,3982757
1629898200,257,262.11,256,256.77,2675110
1629984600,253.21,255.2,248.5,248.54,3038888
1630071000,249.39,259.67,248.0863,259.12,3201369
1630330200,256.3482,263.3369,256.2501,262.66,2687570
1630416600,260.0172,263.4,257.18,259,2493804
1630503000,260.3127,272.1,258.6301,265.9,4789631
1630589400,272.54,275.66,266,268.18,3736924
1630675800,272,280.61,270.03,278.44,4438250
1631021400,277,278.87,262.6001,266.81,5173032
1631107800,257,262.95,253.88,258.2,4507574
1631194200,260.3,263.81,255.7,256.42,3074527
1631280600,257.31,258.87,247.4,248.32,3191273
1631539800,246.51,251.88,239.6,242.84,4021434
1631626200,247.25,248.7899,241.272,243,2748872
1631712600,244,249.47,242.05,247.07,2148260
1631799000,247.38,247.46,239.61,243.21,2596793
1631885400,243.125,245.63,238.75,245.19,2947971
1632144600,234.45,237.36,231.15,236.53,4192592
1632231000,237.01,240.26,234.26,238.46,2174748
1632317400,239.91,243.2,237.76,241.85,1660175
1632403800,244.57,245.8,237.07,237.5,3151330
1632490200,231,235.31,229.1701,231.82,3699987
1632749400,231.88,233.399,227.35,232.24,3234810
1632835800,229.68,232.5126,227.52,229.84,3231210
1632922200,231,233.77,225.04,225.28,2547285
1633008600,227,229.99,225.28,227.48,2522537
1633095000,232.8869,235.76,226.929,231.15,3457269
1633354200,231.49,233.1,224.51,229.31,2591132
1633440600,231.35,240.09,230.785,240.09,2994406
1633527000,242.4,252.14,242.2,250.38,5747679
1633613400,248,253,245.651,251.59,3213151
1633699800,253.525,256.18,246.9,248.14,2873719
1633959000,249.57,263.19,248.485,256.5,4945286
1634045400,254.26,256.3721,246.08,249.33,3971908
1634131800,246.5,249.73,244.56,246.78,2886897
1634218200,250.9,262.95,249.1,260,6307081
1634304600,266.6,281.72,266.53,280.61,9517534
1634563800,275.74,296.98,271.5,293.34,11801121
1634650200,300,307.85,294.1101,305.63,14785678
1634736600,306.66,317.37,303.96,314.71,10315292
1634823000,311.96,317.18,298,300.01,8289150
1634909400,302,306,293.62,300.84,5437345
1635168600,306.76,327,305.11,325.54,8444881
1635255000,328.15,328.48,315.5101,319.49,7635766
1635341400,309.33,320.28,306.5,311.67,5253293
1635427800,319.81,327.72,311,319.13,5952310
1635514200,319.3173,326.5,316.14,319.42,3766383
1635773400,324.7723,338.43,323.9,330.99,6255938
1635859800,336.33,345.25,332.14,336.34,6104746
1635946200,335.26,344.47,328.31,344.38,4809761
1636032600,340.74,345.85,333.88,344.45,5893705
1636119000,345.23,345.23,333.442,337.05,3527615
1636381800,349.5009,363.17,345.56,353.92,8531091
1636468200,367.39,368.9,345.06,357.39,10153706
1636554600,327.22,348.9799,320,328.6,15168856
1636641000,327.428,342.4899,327.0007,336.39,4905822
1636727400,339.25,344,332.56,342.98,4469896
1636986600,345.1,355.1999,339.03,345.36,4465702
1637073000,333.14,347.4,331.58,342.12,4128078
1637159400,342.025,348.49,338.18,346.52,3772131
1637245800,343,344.8399,323.41,323.57,5408786
1637332200,325.56,339.41,325.4,332.55,3687652
1637591400,333.33,335.9,310.67,315.48,5013637
1637677800,312.5,319.7,304.6,317.2,3469582
1637764200,309.38,316.32,305.88,312.38,2759755
1637937000,301.3,307.92,299.151,303.19,2678688
1638196200,312.2228,321.575,306.75,319.39,4159701
1638282600,320.75,331.7,310.98,315,7168355
1638369000,318.6,323,293.7,294.5,4278100
1638455400,295.16,305.32,283.82,284.71,4625052
1638541800,286,286,258.16,265.65,7271065
1638801000,253.125,267.2294,244.46,263.24,5366366
1638887400,277.645,290.19,274.9142,286.42,4648218
1638973800,284.435,290,278.29,287.48,2495937
1639060200,284.97,284.99,258.921,263.91,5394557
1639146600,266.3,269.19,250.15,255.76,5062115
1639405800,252.14,256.5,244.8,251.37,3410449
1639492200,247.2788,260.5,243.5,255.86,3866603
1639578600,254.49,261.1699,242.26,258.3,4623492
1639665000,264.455,268.26,244.6301,247.17,3346623
1639751400,240,250.48,236,243.35,4420273
1640010600,236.56,239.37,231.77,238.05,3572210
1640097000,244.15,248.115,239.59,247.69,2776472
1640183400,248.505,254.79,245.64,254.55,3779126
1640269800,256.555,269.305,253.5,268.15,4106052
1640615400,270.26,281.9899,270.2,280.27,4458617
1640701800,270,270.98,259.69,261.33,4372818
1640788200,256.67,263.01,251.3652,252.6,3474312
1640874600,252.6,260,252.0411,256.79,2887587
1640961000,255.81,259.215,251.52,252.37,2360290
1641220200,256.275,257.03,250.64,251.05,3363202
1641306600,253.05,258.8099,244.14,250.15,3652562
1641393000,247.715,248.69,232.86,234.23,5196254
1641479400,233.19,235.98,224.8801,234,5236023
1641565800,233.63,238.48,227.59,232.33,3311993
1641825000,224.43,225.26,214.64,225.01,6800758
1641911400,225.5,238,222.18,237.23,5585589
1641997800,242.11,246.27,234.42,234.7,3937013
1642084200,241.99,242.87,227.19,228.23,3814065
1642170600,226.62,232,222.3,230.03,4325586
1642516200,226.82,227.19,219.6001,222,3491862
1642602600,224.245,227.17,218.8201,219.5,2976682
1642689000,222.3,232,220.8369,221.62,3691232
1642775400,209.98,210.19,186.86,191.97,13628293
1643034600,173.18,191.86,162.51,191.48,12999147
1643121000,185.165,193.12,177.15,185.63,6271264
1643207400,193.6009,198.0548,177,178.64,7566264
1643293800,182.0294,182.75,168.58,170.2,5551899
1643380200,169.1,181.75,162.2,177.58,6475768
1643639400,177.87,192,175.03,190.15,4060455
1643725800,197.97,201.45,188.62,197.73,5159003
1643812200,195.8087,197,181.73,187.37,3861718
1643898600,182.261,189.3,179,181.31,3417048
1643985000,181.02,197,177.45,194.44,4397868
1644244200,198.7,211.1099,198.2,205.74,6668315
1644330600,200.37,209.2472,196.75,208.73,4639061
1644417000,210.18,215.25,207.61,214.5,3811658
1644503400,210.57,217.49,202.86,204.77,4587434
1644589800,205.8,205.98,191.02,194.53,5054238
1644849000,193.4848,203.5575,193.4601,195.25,4528089
1644935400,202.31,209.31,201.18,208.95,3714304
1645021800,205.38,214.02,203.8335,207.96,3593552
1645108200,202.1,206.306,188.93,191.92,4740622
1645194600,191.08,192.72,180.5444,189.16,4502229
1645540200,180.87,185.75,173.16,176.76,4472786
1645626600,180.69,183.34,171.7743,172.74,3892472
1645713000,159.08,183,155.92,179.56,8133964
1645799400,180.24,182.0899,170.4024,176.83,6836807
1646058600,172.5,192.23,172.09,190.77,8036264
1646145000,196.28,205.88,189.63,196.17,7779188
1646231400,192.26,196.1499,189.51,194.5,3414149
1646317800,194.71,194.92,177.1501,178.03,3734379
1646404200,177.605,178.664,162.1603,165.75,5861262
1646663400,168.25,172.9799,160.23,161.14,4424038
1646749800,160.1,168.35,156.53,161.99,3840779
1646836200,174.26,181.45,173.51,178.97,4945198
1646922600,173.135,174.49,168.1001,172.97,2670643
1647009000,175.35,175.75,160,160.07,3660530
1647264600,159.99,161.7,150.42,153.19,4450007
1647351000,152.9,156.42,150.12,155.98,4245352
1647437400,160.465,173.065,160,172.53,5974284
1647523800,170.73,177.5,168,177.22,2975921
1647610200,175.03,186.69,175,185.94,4835706
1647869400,181.8,183.59,171.7,176.81,4214007
1647955800,180.498,188.8142,178.5,186.08,4086096
1648042200,184.72,189.55,181.8,183.11,2311942
1648128600,185.26,192,179.5,190.19,3536524
1648215000,192,195.7,182.7953,186.71,3598289
1648474200,193.31,203.27,193.01,201.41,6623976
1648560600,198.95,206.79,194.05,204.53,4811453
1648647000,201.29,206.33,194.755,196.7,3775930
1648733400,197.25,198.08,189.56,189.86,2999155
1648819800,189.86,191.87,184.385,186.96,2975933
1649079000,187.34,193.07,186.16,191.65,2495856
1649165400,189.76,191.325,176.26,177.17,5012770
1649251800,172.83,174.325,165.01,166.84,4675252
1649338200,166.71,169.4152,160.675,166.19,3093646
1649424600,165.21,166,160.1325,160.94,2950965
1649683800,156.57,157.555,151.73,153.87,4305772
1649770200,158.07,162.44,149.41,149.85,4654416
1649856600,149.03,156.1599,147.8,154.79,3740506
1649943000,153.54,154,146.82,147.29,4082228
1650288600,145.45,149.5,140.5303,145.16,4668692
1650375000,146.02,152.1,144.45,151.27,2915996
1650461400,154.925,154.96,144.85,147.13,3485996
1650547800,151.97,153.44,135.31,137.32,6252855
1650634200,137.29,141.1999,131.25,131.52,5162150
1650893400,130.01,137.35,129.29,135.14,4066524
1650979800,135.31,136.77,126.515,127.15,3717615
1651066200,125.28,130.71,121.98,122.55,4658455
1651152600,123.69,126.39,113.32,122.69,8070894
1651239000,121.1,129.09,112.14,112.71,5760916
1651498200,113.07,122.29,111.8,121.34,6229416
1651584600,120.23,129.4,119.97,123.56,5053170
1651671000,124,132.81,116.2,130.15,6492773
1651757400,125,125.64,112.05,114.25,7324390
1651843800,112.5,112.5,100.25,103.74,9026454
1652103000,96,96.43,81.78,83.51,16845410
1652189400,87,89.38,70.19,72.99,31780044
1652275800,54.845,61.28,50.15,53.72,67080210
1652362200,48.54,60.3,40.83,58.5,58789009
1652448600,69.26,74.25,65.5,67.87,38264813
1652707800,68.06,68.08,60.51,61.7,18685889
1652794200,66.2,70.5,63.111,70,15868005
1652880600,67.69,71.81,61.94,63.03,17422703
1652967000,65,70.99,63.61,67.42,15410061
1653053400,69.37,70.74,62.05,66.15,15166300
1653312600,65.54,68.65,62.35,66.1,12055671
1653399000,64.56,64.56,59.12,61.36,10714877
1653485400,61.07,68.5,60.99,67.17,11061966
1653571800,63.97,71.17,62.3,69.87,12000226
1653658200,69.84,77.18,69.84,75.32,14112792
1654003800,80,83.32,75.6,78.1,22623167
1654090200,77.5,77.8,67.8,68.63,14608492
1654176600,67.8,74.48,67.28,73.82,8643601
1654263000,69.39,70.5,65.61,66.69,10213584
1654522200,70.76,74.11,68.43,70.67,9352377
1654608600,67.31,69.97,64.36,69.57,8485074
1654695000,69.23,72.98,68.3001,69.2,6276638
1654781400,69.08,69.38,63.12,63.76,9349323
1654867800,60,61.629,57.77,58.71,11001124
1655127000,46.18,54.3,46.0001,52.01,28961424
1655213400,52.5,53.29,48.81,51.58,17430264
1655299800,50.94,56.66,50.45,55.01,16340087
1655386200,52.58,54.4299,50.08,51.05,13157743
1655472600,50.12,52.8,49.28,51.22,11771005
1655818200,54.2,60.75,54.1,57.49,16916242
1655904600,53.87,56.75,51.565,51.91,18947676
1655991000,53.6,59.62,51.83,58.88,15840689
1656077400,60,64.09,59.3256,62.71,24381357
1656336600,59.56,60.45,55.02,55.96,15201607
1656423000,56.26,57.25,50.331,51.18,10277178
1656509400,50.5,51.46,48.59,49.75,9776155
1656595800,48.2,48.4,44.15,47.02,12934359
1656682200,47.99,50.1601,47.52,49.04,8556521
1657027800,48.125,55.82,45.95,55.41,13113668
1657114200,54.17,56.2741,51.4,51.71,11881899
1657200600,52.14,57.65,52.14,57.46,12318519
1657287000,55.61,63.7,54.51,60.29,17950500
1657546200,57.535,58.43,53.3,53.88,10750821
1657632600,53.7,56.11,52.62,54.24,8466218
1657719000,51.68,54.73,50.4001,53.1,9439934
1657805400,52.335,54.71,50.34,53.42,9682070
1657891800,54.35,56.55,51.93,53.79,10714321
1658151000,56.71,63.38,56.69,58.67,21226156
1658237400,60.86,65.98,57.78,65.83,19210643
1658323800,67.08,79,67.05,75.27,34031955
1658410200,71,76.62,70.28,73.98,17301194
1658496600,76.2,76.5719,69.09,70.82,12013281
1658755800,68.93,69.9797,66.3,67.07,8797556
1658842200,61.69,62.89,52.63,52.93,26875839
1658928600,54.87,60.61,53.12,58.83,18230196
1659015000,58.235,62.95,55.59,62.25,13674813
1659101400,60.14,64.2299,59.77,62.96,9113752
1659360600,61.19,63.62,59.42,62.7,7361252
1659447000,60.91,69.59,60.8,67.23,12142089
1659533400,69.05,82.25,67.61,80.81,24784175
1659619800,106.1,116.3,86.785,88.9,54342800
1659706200,86.58,98.87,86.52,93.05,24865731
1659965400,97.84,103.55,93.8096,98.02,18878661
1660051800,93.89,93.89,85.6,87.68,17411400
1660138200,89.98,95,88,94.14,23818204
1660224600,97.25,98.7,82.31,84,23247255
1660311000,85.23,92.48,83.2899,90.49,13755196
1660570200,89.11,93.6799,88.59,91.97,11001934
1660656600,90.55,95.5,84.2397,90.39,17055022
1660743000,87.505,88.64,84.7704,85.44,10697919
1660829400,86.33,86.36,81.42,83.47,7923316
1660915800,76,78.2513,74.01,74.06,13727856
1661175000,70.91,74.94,70.29,71.47,9082357
1661261400,71.95,76.41,70.6,71.18,9598286
1661347800,71.88,74.32,70.71,71.48,6675538
1661434200,71.84,72.45,68.52,71.37,8563518
1661520600,71.71,71.7999,65.3419,66.74,9797324
1661779800,65.51,69.4,65.46,66.34,7944062
1661866200,67.965,69.45,64.63,67.03,8293471
1661952600,68.7,70.38,66.6581,66.8,6707941
1662039000,65.55,65.99,61.91,65.53,8046563
1662125400,67.71,68.14,63.82,65.26,6392835
1662471000,65.56,66.88,62.6,62.78,7478058
1662557400,62,68.77,61.83,68.25,8408351
1662643800,66.36,73.33,65.5,73.08,9241494
1662730200,78.2,81.04,75.15,80.87,15393378
1662989400,82.6,84.58,80.6,82.55,12554936
1663075800,75.34,78.09,74.35,75.25,11235328
1663162200,75.3,79.2,74.11,78.7,10840704
1663248600,77.63,82,76.625,77.23,10950143
1663335000,75.15,76.3699,73.5982,74,17088966
1663594200,71.88,72.54,67,69.93,13135272
1663680600,68.09,69.8,66.17,67.94,7974478
1663767000,68.9,72.24,67.4301,67.64,12344591
1663853400,67.4,68.98,62.31,62.94,11156949
1663939800,61.56,63.15,59.4347,61.88,10932912
1664199000,62.98,66.33,62.18,62.28,9562579
1664285400,65.29,67.55,61.8842,63.05,11860469
1664371800,62.8,67.74,62.76,67.31,8482667
1664458200,64.62,65.03,60.26,61.94,11508191
1664544600,61.25,67.59,61.0737,64.49,10210275
1664803800,64.95,67.86,61.92,65.95,10949180
1664890200,69.09,74.63,69.08,74.5,11881433
1664976600,71.8,73.4782,69.28,72.97,9222677
1665063000,73.07,76.2774,71.3405,73.91,11103663
1665149400,70.85,71.1,65.5,67,11427931
1665408600,67.58,69.26,65.4301,67.04,7713993
1665495000,67.61,72.69,65.025,70.16,17705645
1665581400,69.74,71.85,67.82,69.95,8998949
1665667800,63.66,69.63,61.06,69.26,18341964
1665754200,71.85,73.79,63.38,63.59,13711603
1666013400,66.48,70.95,66.34,69.17,11263274
1666099800,72.9,73.9,65.3,66.21,13874738
1666186200,64.82,66.89,62.5518,63.19,8601141
1666272600,63.14,67.43,62.7,63.59,8938669
1666359000,63.4,66.63,61.7,66.38,9156365
1666618200,67.4,68.15,63.68,66.39,8111715
1666704600,67.01,75.4,66.96,75.05,14446936
1666791000,75.28,78.29,73.1001,73.81,14148193
1666877400,74.51,75.65,71.51,72.47,5967614
1666963800,72,73.72,69.35,72.07,7372115
1667223000,72.37,74.65,66.145,66.25,10648406
1667309400,69,69.71,63.13,63.29,8238178
1667395800,63.395,66.21,60.55,60.71,12700860
1667482200,59.4,61.88,55.75,55.8,14238794
1667568600,60.4,63.43,56.4,58.82,18901356
1667831400,60,60.99,54.22,56.97,13659109
1667917800,54.5,58.4499,47.69,50.83,61868168
1668004200,47.09,49.6899,44.62,45.98,42274174
1668090600,51.04,53.93,49.02,50.92,30695388
1668177000,47.5,58.29,46.25,57.46,30584528
1668436200,55.695,55.74,52.6,53.22,16150903
1668522600,55,58,54.6,55.53,14805294
1668609000,52.83,54.03,48,48.83,24054683
1668695400,46.67,49.97,45.18,48.79,17974650
1668781800,48.8,49,44.31,45.26,20287264
1669041000,43.6,44.6439,40.61,41.23,22381981
1669127400,42.35,44.4,41.61,43.39,20783082
1669213800,43.85,46.17,42.2057,45.57,14665807
1669386600,44.76,45.2365,43.7,44.28,6451508
1669645800,43.3,44.899,42.02,42.51,10518516
1669732200,42.91,44.65,42.7,43.11,9090624
1669818600,43.71,45.8799,41.51,45.73,15562746
1669905000,45.82,47.19,44.44,45.27,11579372
1669991400,43.97,47.7,43.73,47.67,10372090
1670250600,47.98,49.85,45.63,46,11228347
1670337000,45.6001,46.65,41.73,42.41,12156145
1670423400,41.88,43.2,40.55,41.26,10824527
1670509800,41.56,43.8999,40.3,42.81,9361800
1670596200,41.6,42.32,40.15,40.24,10030234
1670855400,39.98,42.65,39.65,42.6,9962641
1670941800,46.01,46.33,38.5,38.69,20558271
1671028200,39.41,41.9,38.82,40.19,16117596
1671114600,38.95,39.6,37.44,37.98,12013423
1671201000,37.4,38.01,34.71,36.6,18247429
1671460200,35.97,36.68,34.51,35.17,11168297
1671546600,34.75,36.858,34.35,34.97,9833235
1671633000,35.31,36.1,34.7963,35.15,6998619
1671719400,34.93,35.3465,32.95,34.59,10335668
1671805800,34.77,35.98,33.67,35.49,8222704
1672151400,34.5,34.56,32.44,32.65,10940800
1672237800,32.58,33.48,31.83,32.53,7839732
1672324200,33.455,35.33,33.37,34.78,7675479
1672410600,33.962,35.87,33.63,35.39,8397944
1672756200,36.49,36.93,33.3709,33.6,8514288
1672842600,34.59,38.5,34.54,37.7,17737392
1672929000,34.71,35.26,32.75,33.53,16934523
1673015400,33.67,33.75,31.55,33.26,15527836
1673274600,35.19,39.38,34.72,38.27,18904120
1673361000,37.76,43.29,37.74,43.23,24496650
1673447400,41.96,43.84,40.6304,43.79,16152705
1673533800,45.145,47.65,41.67,47.55,20514692
1673620200,46.24,50.63,45.38,49.98,22437767
1673965800,53.31,54.98,50.7,54.14,23521226
1674052200,54.22,57.3292,50,50.21,24905714
1674138600,49.2101,51,47.92,49.42,14073270
1674225000,50.38,55.19,48.8,55.16,15433938
1674484200,55,56.69,53.21,55.96,17736412
1674570600,54.202,56.47,53.3412,53.555,12413942
1674657000,51.5,53.408,49.6,52.76,13343567
1674743400,56.06,56.1,51.9655,53.02,12614909
1674829800,52.94,62.29,52.41,61.37,24430999
1675089000,60.01,61.86,55.6715,56.16,14553912
1675175400,57.7,60.44,55.91,58.48,14751638
1675261800,59.08,66.215,56.65,65.7,18840780
1675348200,68.46,85.54,68.31,81.46,43911166
1675434600,73.72,87.63,73.02,74.63,37125516
1675693800,73.18,75.98,70.52,74.59,17998386
1675780200,73.43,73.4801,67.3,71.42,19819664
1675866600,70.83,73.97,68.3,69.44,11626528
1675953000,68.49,68.93,59,59.63,23920247
1676039400,58.255,61.7384,55.97,57.09,17359921
1676298600,55.52,57.0899,53.66,56.4,14435886
1676385000,56.33,61.08,55.0319,59.03,23945786
1676471400,60.21,69.46,59.46,69.34,25726719
1676557800,65.9,73.3,63.91,65.59,31704828
1676644200,64.94,67.9,61.51,65.2,23252183
1676989800,63.32,66.87,61.85,62.07,19845681
1677076200,62.5,67.48,57.35,61.18,32937546
1677162600,63.96,64.6473,59.8908,62.36,16698489
1677249000,60.88,61.59,56.8,58.44,14546162
1677508200,59.94,60.9696,58.1701,58.96,13043035
1677594600,59.675,67.5,59.4201,64.83,24843894
1677681000,65.3,66.79,63.09,64.67,15827077
1677767400,61.07,63.9,57.5,63.7,18122714
1677853800,61.64,65.56,61.3822,64.51,17578962
1678113000,64.6,69.82,62.64,62.77,19826090
1678199400,62.8,64.66,60.59,61.89,15821515
1678285800,61.2,65.4638,60.3509,63.01,15427824
1678372200,62.39,64.12,57.21,58.09,20996595
1678458600,56.39,56.41,51.57,53.44,25743814
1678714200,54.705,61.1,50.77,59.17,31431946
1678800600,65.45,66.21,61.1,62.65,25167751
1678887000,61.9,66.29,61.18,64.47,20825703
1678973400,64.4,68.62,63.12,67.78,15522943
1679059800,70.52,76.8,69.1,74.98,31006175
1679319000,76.76,77.06,72.87,75.14,19026423
1679405400,76.24,85.05,75.77,83.99,22991862
1679491800,84.25,85.38,76.86,77.14,24463224
1679578200,61.85,70,61.505,66.3,43152803
1679664600,64.18,68.73,63.53,67.83,21641914
1679923800,67.2,67.6,60.51,62.54,23531291
1680010200,62.32,64.05,61.11,63.04,11635869
1680096600,65.42,68.63,63.77,65.3,17673750
1680183000,66.53,67.17,63.6825,64.16,11563092
1680269400,64.7,68.5687,63.93,67.57,15926632
1680528600,66.01,68.3299,62.7,63.61,14040299
1680615000,64.66,65.4,60.9501,62.54,11654422
1680701400,62.54,63.05,59.22,60.78,10788873
1680787800,59.57,62.74,58.2,61.44,11875179
1681133400,61.37,66.19,59.66,66.13,14391788
1681219800,68.09,72.6075,67.24,70.19,25348828
1681306200,70.77,72.02,66.23,67.84,16773426
1681392600,69.89,72.53,68.05,68.95,19718505
1681479000,69.3,71.7,67.87,69.91,12887231
1681738200,67.12,68.05,64.9,67.72,13344227
1681824600,70.385,71.79,66.55,67.26,14835521
1681911000,64.362,65.9385,63.4,64.44,10326964
1681997400,63.23,65.33,60.17,60.5,11452943
1682083800,61.08,61.45,58.705,59.04,13235111
1682343000,58.96,59.09,54.08,54.75,21135715
1682429400,55.71,56.09,53.624,55.55,14383348
1682515800,59.51,59.51,53.6,53.89,16761173
1682602200,54.67,55.7227,53.58,54.17,12010873
1682688600,53.65,54.52,52.17,53.79,11629806
1682947800,53.17,54.38,48.45,50.14,18437873
1683034200,50.2,52.14,48.26,51.32,16778436
1683120600,50.15,51.6,48.31,48.49,13325571
1683207000,48.72,50.47,47.6501,49.22,13044369
1683293400,54.045,58.58,53.75,58.24,25585625
1683552600,55.9,58.8,54.61,58.1,15259408
1683639000,57.9,60.24,56.59,60.21,9641197
1683725400,61.45,63.75,59.89,62.64,15481325
1683811800,62.41,63.11,59.77,60.35,8843509
1683898200,60.89,61.13,56.77,57.34,9110955
1684157400,58.4,61.3,57.2,60.77,9429328
1684243800,58.68,60.1099,57.1433,57.88,7867880
1684330200,57.49,61.305,57.3,61.04,8998361
1684416600,60.47,61.7,58.6,60.26,8330306
1684503000,60.57,61.47,56.59,56.78,12520676
1684762200,56.89,61.1,55.9,61.07,12683378
1684848600,61,63.25,58.67,59.1,12208242
1684935000,57.78,58.97,56.6,58.36,8198333
1685021400,58.56,59.14,55.88,56.87,7997440
1685107800,56.86,58.91,56.63,56.92,7804165
1685453400,60.1,63.38,59.23,61.17,14814243
1685539800,59.3,62.59,59.212,62.2,10112647
1685626200,61.8,66.3599,60.67,63.57,11729020
1685712600,65.11,65.2236,62.0011,64.55,8630810
1685971800,63.38,64.4431,55.81,58.705,26413166
1686058200,47.1,52.38,46.43,51.61,56259861
1686144600,53.285,54,51.7,53.26,18905532
1686231000,52.21,55.05,51.9647,54.9,12773645
1686317400,55,57.4199,52.4827,53.28,14394338
1686576600,52.53,52.93,50.1,50.56,12493104
1686663000,51.8,52.66,50.52,52.4,11560753
1686749400,52.81,54.79,51.56,53.9,11241242
1686835800,52.71,54.58,50.93,54.25,11801737
1686922200,55.41,56.28,53.9,55.59,13754214
1687267800,55.9,57.94,53.63,57.09,14143490
1687354200,58.9,59.24,56.8201,58.1,20569712
1687440600,58.98,59.28,55.1,57.49,12837373
1687527000,56.85,61.89,55.75,61.47,26088580
1687786200,61.1,66.16,61,61.94,20724091
1687872600,63.8,70.3725,62.84,69.89,25447368
1687959000,69,74.3107,69,70.75,23086222
1688045400,72.03,74.1781,70.8294,72.43,14730505
1688131800,73.8,74.97,68.15,71.55,24593992
1688391000,73.2,80.845,73.01,79.93,19891740
1688563800,76.9,79.93,76.16,78.35,14670031
1688650200,78.05,78.4625,74.52,78.1,11152249
1688736600,78.15,81.19,77.6202,78.72,13275505
1688995800,79.08,81.37,76.55,81.21,10739693
1689082200,80.49,92.15,80.49,89.15,35672125
1689168600,89,89.07,84.45,85.95,16752344
1689255000,85.345,109.21,83.42,107,65424442
1689341400,106.68,114.43,101.22,105.31,42266315
1689600600,104.57,109.48,103.5,105.55,19191353
1689687000,104.5,109.8499,101.9,104.59,17582052
1689773400,107.31,111.0633,105.081,110.15,15920844
1689859800,109.26,111.88,100.37,101.26,15274615
1689946200,102.57,104.3337,98.71,100.82,10481797
1690205400,99.23,100.39,95.7001,98.85,9764818
1690291800,99.34,102.59,97.63,97.68,7726033
1690378200,97.37,101.32,97.2774,99.75,6575750
1690464600,102.59,102.725,91.8,92.69,12232290
1690551000,94.8,96.92,93.55,94.76,7236581
1690810200,94.75,100.2,94.59,98.61,8492950
1690896600,95.88,95.95,89.23,94.15,11616436
1690983000,91.45,95.4111,88.05,90.43,10666181
1691069400,89,93.44,88.46,90.75,10438098
1691155800,89,94.29,86.7,87.31,13219575
1691415000,87.2,87.3,82.0901,85.96,10019503
1691501400,87.09,88.985,84.55,88.04,8986927
1691587800,88.53,88.9,84.08,84.34,7987133
1691674200,85,88.49,82.51,83.39,7697578
1691760600,82.06,83.48,80.47,81.01,5791118
1692019800,80.04,81.99,78.91,80.81,5753481
1692106200,81.15,83.1,79.1101,79.18,7397347
1692192600,82.51,82.85,77.8,79,10140200
1692279000,78.38,79.1846,75.4,75.56,9261576
1692365400,72.34,75.25,72.25,73.19,10011839
1692624600,73.25,76.0299,72.1014,75.28,7514932
1692711000,76.69,77.46,74.02,74.9,6336025
1692797400,74.35,78.17,74.07,77.78,6460850
1692883800,77.76,78.0372,73.38,73.66,5585704
1692970200,74.32,75.59,72.41,74.26,5136790
1693229400,74.57,74.71,73.05,73.71,4043754
1693315800,73.5,86.26,73.17,84.7,24067342
1693402200,83.56,86.5,82.5743,83.83,9448025
1693488600,84.43,84.57,78.9,79.6,8466425
1693575000,80,80.35,77.15,77.99,6676523
1693920600,78,79.29,76.28,77.5,4949006
1694007000,77.38,79.97,76.75,78.04,6636170
1694093400,76.2682,82.07,75.4564,81.79,6424048
1694179800,81.64,82.69,80.35,82.09,5689710
1694439000,82,83.2,77.79,80.62,7220697
1694525400,82.015,86.36,80.54,81.32,10519254
1694611800,81.89,83.15,79.6197,79.86,5925739
1694698200,81.67,84.1,81.26,83.45,7145133
1694784600,82.74,83.32,79.95,82.15,6272263
1695043800,83.8,84.3489,81.22,81.61,6246696
1695130200,82.15,82.4,77.77,78.13,7567368
1695216600,78.62,80.59,76.56,76.67,5467101
1695303000,74.38,75.1899,72.8601,74.42,6543911
1695389400,75.49,75.95,70.81,70.96,6321573
1695648600,69.91,72.36,69.63,71.75,5057460
1695735000,71.74,73.09,69.71,70.52,5168151
1695821400,72.72,73.48,69.95,71.52,5324560
1695907800,72.59,77.13,71.51,75.16,8252398
1695994200,76.75,77.4999,74.57,75.08,5747236
1696253400,78.55,79.9494,74.4,75.31,9709327
1696339800,74.34,75.65,71.75,72.48,5815497
1696426200,73.2,74.11,70.41,73.47,7613659
1696512600,73.53,75.48,72.1,74.62,6229265
1696599000,72.475,78.95,72.3183,78.46,7931250
1696858200,76.52,80.06,76.5,79.1,5631270
1696944600,79,82.0699,77.9728,79.62,5645077
1697031000,79.265,80.4899,75.6,77.35,6474139
1697117400,77.04,77.181,74.45,75.19,5338642
1697203800,75,75.19,72.1,73.43,6163592
1697463000,77.61,79.3,73.355,75.21,12608642
1697549400,74.8,79.12,74.5,77.46,7459543
1697635800,76.88,78.38,73.78,73.93,5123350
1697722200,74.28,76.165,72.72,73.1,5391198
1697808600,74.64,76.76,73.5,74.66,8423324
1698067800,75.5,80.73,72.42,77.21,13635694
1698154200,83.29,89.4,80.8891,82.07,23689528
1698240600,83.51,84.09,77.4,77.79,13773156
1698327000,77.2,79.16,73.15,74.61,8294499
1698413400,76.45,76.5,70.42,70.78,9010568
1698672600,72.045,74.08,71.88,73.6,6454608
1698759000,73.6,77.47,73.56,77.12,6334625
1698845400,77.42,79.41,75.87,77.81,6878582
1698931800,81.71,84.8,80.81,84.6,12596230
1699018200,83.79,88.34,82.05,85.8,12193525
1699281000,86.815,89.27,84.09,86.37,9881917
1699367400,86.2,89.49,84.3,89.07,6762266
1699453800,88.8,89.15,84.69,88.32,7286011
1699540200,92.9,99.82,91.3686,92.86,20941380
1699626600,94.4,96.2185,91.8,92.92,9853318
1699885800,91.78,93.2677,88.62,92.64,8860361
1699972200,94.91,95.32,89.79,92.09,10137685
1700058600,93.92,100.15,93.07,98.15,11968933
1700145000,97.68,97.89,94.45,96.92,7073846
1700231400,97,99.43,94.9,99.05,7373822
1700490600,100.71,106.46,100.01,106.1,10982256
1700577000,104,106.0594,101.34,105.49,9348226
1700663400,106.17,109.99,103.36,109.25,10356518
1700836200,108.45,116.94,107.98,115.54,11654562
1701095400,112.58,121.46,112.1828,119.77,14205949
1701181800,122.05,129.26,119.7005,128.27,17639131
1701268200,127.82,131.42,126.3,127.82,13908808
1701354600,126.06,127.14,118.4,124.72,14074010
1701441000,126.39,134.33,125.88,133.76,13693520
1701700200,143.53,146.3,137.6,141.09,21561895
1701786600,140,147.86,139.1762,140.2,18303393
1701873000,142.5,143.44,134.115,134.63,12584385
1701959400,131.02,138.48,130.17,136.19,9795672
1702045800,136.19,146.74,135.85,146.62,12023554
1702305000,141.5,142.87,135.985,138.02,12160377
1702391400,139.89,141.75,135.99,139.62,8303476
1702477800,139.62,150.65,137.15,150.46,12514886
1702564200,152.1,154.74,149.1,153.63,12095076
1702650600,151.81,151.92,146.84,147.9,11802287
1702909800,144.81,155.01,144,153.43,9959902
1702996200,155.5,162.09,153.61,161.16,13906758
1703082600,164.73,169.48,160.07,161.86,16021890
1703169000,166.71,170.17,163.1,168.03,12081482
1703255400,169.77,178.6955,167.9,175.48,15832867
1703601000,174.8,178.12,169.05,172.05,12544846
1703687400,176.32,186.97,175.5,185.24,15569914
1703773800,179.31,187.39,177.75,186.36,17276287
1703860200,186.06,187.25,171,173.92,19724384
1704205800,173.0231,175.57,155.35,156.88,26549365
1704292200,146,156.25,144.11,152.24,18573798
1704378600,152.5,161.28,148.8058,155.6,14874267
1704465000,152.67,157.69,151.09,153.98,10875480
1704724200,157.8,161.3789,146.51,159.42,18125703
1704810600,159.6,159.99,151.32,151.99,12959726
1704897000,149.21,153.4728,143.15,151.29,18718224
1704983400,159.19,161.04,140.01,141.16,31754164
1705069800,137.19,141.07,130.37,130.78,20392801
1705415400,129.435,136.4,126.88,133.88,14789707
1705501800,130.51,134.26,129.41,133.86,8133091
1705588200,133.25,137.31,123.93,124.34,14519463
1705674600,124.34,124.82,118.02,124.75,16692645
1705933800,124.05,131.7757,122.5,128.21,12042647
1706020200,122.41,126.145,120.33,124.19,9737109
1706106600,127.28,127.97,120.79,121.34,9118913
1706193000,122.38,124.26,118.92,121.01,8166361
1706279400,127.52,128.1,121.46,125.2,13956345
1706538600,127.09,136.8892,125.7957,132.82,17813660
1706625000,136.05,136.7,130.44,130.82,8745746
1706711400,129.09,135.55,127.57,128.2,9838769
1706797800,128.75,132.0676,124.24,128.95,8464275
1706884200,126.9,130.13,125.55,129.22,6109963
1707143400,128.7,128.89,115.8,117.3,13067336
1707229800,118.61,120.895,115.9,119.79,6740590
1707316200,119.68,124.4,114.51,122.07,8985106
1707402600,127.218,133.0499,125.81,132.55,11315872
1707489000,142.155,144.55,137.17,141.99,15985064
1707748200,141.1,150.35,140.985,147.31,10977082
1707834600,138.39,143.75,137.13,140.39,9568838
1707921000,151.83,161.125,150.4,160.38,18041752
1708007400,168.79,172.82,162.08,165.67,22992818
1708093800,189.05,193.64,178.8,180.31,33233298
1708439400,179.87,181.31,163.39,173.3,16196519
1708525800,164.25,168.09,161.19,162.41,10689582
1708612200,164.85,171.99,163.8,170.91,9027267
1708698600,167.38,170,160.66,165.98,7191183
1708957800,168.66,196.95,168.4,193.94,22593709
1709044200,205.18,209.94,192.09,199.22,22679097
1709130600,209.41,212.22,197.66,200.8,25397116
1709217000,206.46,211.31,193.88,203.56,16237764
1709303400,202.7,206.39,196.0101,205.77,9297387
1709562600,217.3901,236.46,212.2469,229.15,23294868
1709649000,230,239.98,215.4,216.77,23863310
1709735400,229.2,239.9,223.03,238.55,17936728
1709821800,240,242.87,235.5,242.62,10609304
1709908200,246,270.5476,244.9,256.62,21883953
1710163800,270.085,271.65,253.96,254.17,20296431
1710250200,257.835,260.79,242.09,256.14,14666166
1710336600,253.36,269.3899,250.53,251.73,17329799
1710423000,245,248.27,227.24,233.67,18789298
1710509400,225.06,244.65,222.83,242.36,17256270
1710768600,238.61,244.05,230.21,239.62,9734544
1710855000,223.24,233.29,216.16,230.12,12928500
1710941400,231.38,256.96,228.8,256.88,13834342
1711027800,260.24,276.38,256.2678,262,16199858
1711114200,254.24,260.7246,249.55,255.51,9828192
1711373400,261,283.48,260.25,279.71,13941661
1711459800,280.12,280.83,266.6901,266.81,10316202
1711546200,276.22,276.605,253.95,256.7,11092626
1711632600,260.21,270.79,257.91,265.12,11201564
1711978200,261.87,268.81,249.2238,252.11,10010691
1712064600,238.1,248.125,235.99,245.84,8817643
1712151000,244.04,255.998,243,251.58,6670175
1712237400,260.15,261.5,249.46,249.61,8098342
1712323800,244.91,253.96,240.2,240.9,8438580
1712583000,252.859,261.63,249.68,256.99,10042177
1712669400,253.225,254.55,241.1,242.95,7824680
1712755800,238.24,251.265,234.12,250.99,8416023
1712842200,250.99,264.3,247.3103,263.01,8655112
1712928600,259.42,259.97,244.3101,245.75,9051648
1713187800,247.94,249.7392,222.14,223.41,11239787
1713274200,223,223,205.67,218.83,16472144
1713360600,222.04,224.87,205.9,213.78,9440213
1713447000,215.57,228.05,213.25,218.08,9403920
1713533400,223.83,227.76,210.18,211.01,9363985
1713792600,216.79,227.14,215.033,225.86,8207010
1713879000,223.62,238.67,223.61,236.43,7338353
1713965400,236.83,239,223.87,224.37,6737434
1714051800,216.045,225.94,213.64,223.61,5143505
1714138200,220.77,237.02,218.66,236.32,6044874
1714397400,229.942,230.32,216.54,218.16,9576110
1714483800,214.3501,216.57,202.59,203.93,9127863
1714570200,199,218.52,198.2,210.09,10191466
1714656600,216.48,232.71,210.76,228.85,12454215
1714743000,230.9,232.25,216.55,223.25,13739132
1715002200,225.84,235.8,224.9,226.93,9690593
1715088600,226.94,230.82,214.12,214.34,8169566
1715175000,209.5,214.9,206.525,211.2,4615442
1715261400,210.22,213.8497,205.11,210.45,4649731
1715347800,214.5,214.87,200.5,200.92,7423528
1715607000,204,206.665,197.64,199.51,7542161
1715693400,195.96,206.9669,194.93,203.05,5356047
1715779800,212.21,221.4,207.7,219.91,9339278
1715866200,215,216.4499,198.64,199.17,12185482
1715952600,205.66,210.67,199.8315,207.6,8688627
1716211800,207.96,226.26,203.72,225.19,11223310
1716298200,231.97,233.65,220.12,225.78,10704505
1716384600,225.01,238.77,221.2089,231.51,8933689
1716471000,233.81,234.32,217.66,218.86,9428333
1716557400,221,237.79,220.05,237.65,10249246
1716903000,235.45,247.1319,231.05,245,10843128
1716989400,239.02,240.49,233.18,236.65,6801950
1717075800,241.1,248.86,233.38,234.76,9349187
1717162200,239.28,240.41,219.17,225.92,10123077
1717421400,232.5,239.2,224.69,231.39,7333118
1717507800,230.23,247.2,230.1557,244.2,10854296
1717594200,246.86,251.89,240.7,251.4,9383502
1717680600,250,263.7999,248.75,257.08,9494574
1717767000,256.185,263.1799,243.86,244.16,9315341
1718026200,241.11,253.43,239.53,249.81,6344848
1718112600,242.93,245.66,234.09,244.2,8991286
1718199000,251.8,263.2599,250.58,254.96,11134677
1718285400,253.77,257.13,243.26,247.64,8666222
1718371800,246.16,250.25,237.0647,244.5,7146478
1718631000,239.87,248.64,234.23,245.1,6662888
1718717400,238.25,242.8,234.6,235.95,6198915
1718890200,237.36,240.49,228.44,235.03,6888927
1718976600,227,228.2521,220.71,225.86,11385791
1719235800,217.22,221.444,207.71,212.31,10761957
1719322200,217,222.88,213.22,221.71,8067068
1719408600,220,223.73,212.462,214.58,6574922
1719495000,217.6,225.7623,216.32,224,5641211
1719581400,223.95,225.53,218.8,222.23,10944920
1719840600,226,236.0386,224.042,233.37,7739846
1719927000,231.34,234.97,226.3201,227.51,4407039
1720013400,223.81,227.11,222.22,224.94,3241672
1720186200,213.48,225.13,209.45,223.68,10148535
1720445400,226.51,226.51,217.75,220.56,5615247
1720531800,223.55,225.64,218.68,219.97,5357306
1720618200,221.64,223.3329,215.135,219.56,4481941
1720704600,224.37,227.15,213.57,214.63,7037917
1720791000,215.34,222.15,214.57,218.02,4949046
1721050200,229.38,247.5,228,242.85,14439465
1721136600,243.19,252.12,234.2,251.49,10270722
1721223000,245.895,255.9,241.31,249.1,8883291
1721309400,251.21,253.87,230.57,233.24,8848527
1721395800,235.1,259.8,233.5,257.79,12501856
1721655000,260.47,266,252.8419,265.15,11282196
1721741400,263.6,272.55,257.2903,257.63,9275617
1721827800,261,265,243.75,245.06,8141082
1721914200,239.26,241.64,226.3,231.52,8482505
1722000600,243.34,249.16,237.56,242.93,7917446
1722259800,251.55,255.42,234,234.2,9467677
1722346200,235.62,239,223.03,224.46,6053909
1722432600,233,234.1099,224.04,224.36,4771650
1722519000,226.6,227.1,207.82,212.64,8920020
1722605400,213.12,219.2999,199.38,204.44,10063929
1722864600,162.01,197.88,161.13,189.47,18734646
1722951000,191.99,197.4,182.7,194.17,7050554
1723037400,196.8,199.9522,177.39,178.91,8324432
1723123800,185.67,194.9799,182.4621,192.32,7421563
1723210200,191.29,199.1,189.78,196.29,5255873
1723469400,194.3,197.69,188.2934,191.74,5742782
1723555800,193.13,201.0999,191.87,197.94,4795479
1723642200,200.9,201.97,192.4,195.96,5027037
1723728600,198.52,205.07,196.2,197.12,6068323
1723815000,199,205.95,197.14,205.31,6240504
1724074200,203.335,207.49,200.35,204.46,6304182
1724160600,209.1,209.8,191.21,197.25,12353738
1724247000,197.16,207,195.11,206.23,7502443
1724333400,204.78,207.1,197.43,198.43,5284897
1724419800,200.97,211.92,200,211.4,8304223
1724679000,209.3,210.85,202.68,204,5437092
1724765400,201.84,202.5,194.1,198.3,5992876
1724851800,195.02,197.49,187.73,190.2,4995742
1724938200,194,196.5,187.6001,188.28,3841810
1725024600,189.215,189.94,180.04,183.36,7307184
1725370200,182,182.7,168.07,169.13,9746643
1725456600,166.5,169.04,160.67,163.22,7826441
1725543000,161.62,166.37,158.12,159.7,5732706
1725629400,163.24,164.15,146.12,147.35,11026602
1725888600,151.27,157.4,150.06,155.05,9256668
1725975000,155.01,159.14,149.51,158.46,5824762
1726061400,153.56,158.84,149.95,157.15,6417381
1726147800,158.61,165.43,156.1,162.89,6697238
1726234200,162.24,168.93,161.58,163.05,5953642
1726493400,158.5,163.16,155.88,161.5,4686237
1726579800,164.14,167.67,160.5,162.45,5225172
1726666200,161.54,169.1,160.8,162.64,5027374
1726752600,172,175.39,167,168.24,9299066
1726839000,168.99,173.3914,165.4,170.09,8152342
1727098200,171.3,173.5667,168.7,170.22,4933242
1727184600,170.38,172.25,163.8081,171.68,6035486
1727271000,170.3,173.935,166.88,167.08,5359903
1727357400,170.61,181.49,170.26,179.93,12455160
1727443800,183.07,192.45,179.5,191.23,10563371
1727703000,184.19,185.4099,177,178.17,11739577
1727789400,178.72,178.9,160,165.01,15210465
1727875800,163.03,169.29,161.39,164.47,7881090
1727962200,162.83,166.41,161.41,163.1,4298586
1728048600,167.96,171.2431,164,170.91,6874436
1728307800,172,176.1483,166.892,168.92,6797536
1728394200,166.36,170.0499,165.02,167.69,5696090
1728480600,167.69,172.49,165.78,166.97,5725046
1728567000,166.05,167.31,161.87,164.27,5379854
1728653400,165.54,179.1799,165.22,176.38,10767071
1728912600,181.185,197.69,178.27,196.35,18131377
1728999000,195.68,204.9,188.31,196.34,17324804
1729085400,203.53,212.4199,197.6002,210.48,13969969
1729171800,209.2,209.45,201.13,204.2,8908025
1729258200,208.05,220.26,207.1403,220.21,13569592
1729517400,215.4,216.86,208.13,213.72,12686426
1729603800,209.45,215.95,207.3,210.72,7485083
1729690200,206.3,209.7,194.6,198.93,10350138
1729776600,206.868,210.55,200.8,209.16,9925395
1729863000,208.3,213.67,203.4,205.04,9261318
1730122200,213.35,218,210.5,216.1,10458713
1730208600,220.905,223.9,216.11,219.66,11542187
1730295000,213.1,220.46,209.47,211.74,9515860
1730381400,203.73,206,178.82,179.25,18892021
1730467800,180,190.94,179.54,182.88,14443372
1730730600,180.09,186.95,176.38,186.27,11348805
1730817000,185.59,197.25,185.51,193.96,9950753
1730903400,221.479,257.6799,221.11,254.31,35456033
1730989800,245.63,259.69,242.3401,255.58,16655328
1731076200,257.67,273.5,257.15,270.74,17431714
1731335400,300.305,334.86,296,324.24,42437496
1731421800,310.05,327,306.1,319.13,24819575
1731508200,325.01,332.35,282.66,284.72,27997385
1731594600,290.81,292.5653,274.3006,278.84,17375321
1731681000,282.51,306.455,276.0207,305.85,18020587
1731940200,301.835,329.59,288.5,325.41,25713700
1732026600,322.08,327.24,315.5,324.57,13447870
1732113000,332.25,341.75,303.8018,320.01,22875208
1732199400,329.95,330.5,288.55,295.23,25187378
1732285800,294.885,311.37,290.8,304.64,12187194
1732545000,309,317.46,291.2,312.22,14645910
1732631400,298.26,309.1999,289.125,293.29,13215743
1732717800,302.78,314.29,295.36,310.98,13290830
1732890600,311.95,316.3,295.81,296.2,9550236
1733149800,302.03,311.47,299.5,302.4,11221114
1733236200,296.782,314.43,296.65,309.35,10069342
1733322600,312,332,309.12,330.94,15798008
1733409000,343.36,349.4928,315.17,320.57,19769913
1733495400,328.555,349.75,325.499,343.62,16759232
1733754600,339.91,340.16,309.68,310.52,16974808
1733841000,318.03,318.7399,298.52,302.42,11930554
1733927400,311.85,320.9,308.82,313.81,10253357
1734013800,317.76,323.5,307.75,312.96,8324441
1734100200,316,317.18,305.25,310.58,5832592
1734359400,316.895,326.23,314.77,315.31,11461361
1734445800,319.835,323.0666,303.5,311.64,7440580
1734532200,308,312.14,275.81,279.86,12615166
1734618600,290.64,295.483,268.88,273.92,11708602
1734705000,266.13,281.74,261.87,278.71,10009833
1734964200,274.52,275.33,263.07,268.15,6853452
1735050600,273.22,284,271.86,279.62,4805053
1735223400,275.575,279.236,271.39,274.41,4419780
1735309800,274.2,274.25,263.21,265.71,5553958
1735569000,259.98,260.5,247.6,255.56,7727062
1735655400,262.97,263.66,246.37,248.3,5414921
1735828200,256.48,262.31,251,257.21,6289520
1735914600,259.89,271.59,258.59,270.65,5990830
1736173800,279.07,293.6,271.75,287.76,10834985
1736260200,286.74,287.58,260.24,264.33,11614723
1736346600,263.88,267,252.99,260.01,5951138
1736519400,257.77,261.8699,248.05,258.78,5579228
1736778600,246.98,251.81,240.77,251.2,7019454
1736865000,261.725,263,251,255.37,5704136
1736951400,266.87,278.32,264.44,274.93,9113854
1737037800,274,285.02,268.14,281.63,6751127
1737124200,292,300.3499,289.3299,295.48,11290135
1737469800,298.52,303.0999,273.62,294.19,12912361
1737556200,290.455,298.7999,286.28,295.85,6668857
1737642600,289.735,303.56,287.9,296.01,11534819
1737729000,300,310.6125,297.62,298,9763288
1737988200,283.7,289.78,265.2,277.99,12238826
1738074600,280.495,284.84,276,281.82,4516627
1738161000,281.82,294.38,277.01,291,6255868
1738247400,293.715,306,293.02,301.3,8637528
1738333800,300.86,304.73,287.22,291.33,6534008
1738593000,272.98,288.76,269.3,284.41,9517730
1738679400,283,289.39,278.63,280.39,6013474
1738765800,283.61,285.76,274.56,275.14,5373185
1738852200,279.52,284.6,269,270.37,6717660
1738938600,274.045,282.57,271.75,274.49,7885553
1739197800,280.4,285.558,274.6,280.22,5521775
1739284200,277.55,279,265.83,266.9,6914996
1739370600,264.39,277.8,263.48,274.9,6362794
1739457000,284,302.4,282.5,298.11,18900225
1739543400,288.015,291.55,274,274.31,19269693
1739889000,278.8,279.18,260.5,264.63,11564805
1739975400,265.755,267,257.68,258.67,6813776
1740061800,260.66,262.25,250.3701,256.59,6400698
1740148200,266.99,267.8,234.76,235.38,17195492
1740407400,239.14,240.24,223.6,227.07,12124972
1740493800,219.97,222.85,205.12,212.49,15192605
1740580200,212.63,218.57,207.99,212.96,7900637
1740666600,218.13,221.58,207.79,208.37,8082369
1740753000,205.27,216.44,201.1,215.62,9031205
1741012200,232.23,233.4,203.44,205.75,15997815
1741098600,200.52,218.94,193.09,212.55,13060876
1741185000,214.89,223.1499,208,222.45,9581601
1741271400,214.51,226.6,213,214.17,8405387
1741357800,214.89,222.05,206.77,217.45,8615050
1741613400,205.075,206.8398,176.85,179.23,18664120
1741699800,186,195.69,183.3039,191.69,11382232
1741786200,195.4,199.2,183.75,191.73,9616785
1741872600,188.62,188.85,177.11,177.49,9559390
1741959000,183.81,186.74,179.16,183.12,9454350
1742218200,182,193.24,180.77,188.96,7216486
1742304600,185,186.49,178.78,181.14,7408224
1742391000,184.8336,193.7774,182.8,189.75,8194232
1742477400,185.888,193.93,185.8794,190.38,6717964
1742563800,185.57,190.7249,183.75,189.86,7344825
1742823000,197.5,203.25,194.415,203.04,9489458
1742909400,202.13,206.93,198.34,204.23,7877691
1742995800,203,205.9999,192.2906,193.95,7147921
1743082200,192.97,195.3256,187.8001,188.58,5426320
1743168600,185.72,186.79,172.99,173.93,10040219
1743427800,169.38,173.58,163.52,172.23,7781307
1743514200,172.82,176.05,168.545,174.52,5489688
1743600600,170.57,184.11,170.35,182.95,8208560
1743687000,168.58,172.03,164.65,170.76,9556230
1743773400,166.02,167.5,147.17,160.55,14570757
1744032600,146.042,167.4,142.58,157.28,13251702
1744119000,165.2,167.8,147.35,151.47,11117448
1744205400,150.08,183.9,150.08,177.09,15257952
1744291800,168.5,173.815,159.1125,169.62,11196328
1744378200,171.3,178,167,175.5,7769267
1744637400,180.5,182.39,172.005,176.58,6427119
1744723800,177.74,179.7678,172.3,175.57,5369511
1744810200,170.5,174.8,168.5,172.21,5226684
1744896600,172.6,177.5,171.3,175.03,5125340
1745242200,175.1,177.98,171.4072,175,5054685
1745328600,178.79,193.49,178.4,190,12807010
1745415000,197.75,200.8,191.52,194.8,9870189
1745501400,193.415,204.21,193.1,203.87,6840552
1745587800,205.57,211.62,203.74,209.64,8060880
1745847000,208.2,208.78,197.42,205.27,7624239
1745933400,205.3,207.4,203.135,206.13,4254888
1746019800,199.67,203.04,195.55,202.89,4769427
1746106200,208.455,208.75,201.16,201.3,6243165
1746192600,204.7,209,202.36,204.93,6133292
1746451800,201.725,204.11,198.65,199.4,5108712
1746538200,195.38,198.76,193.34,196.89,4672601
1746624600,199.825,200.4831,193.81,196.56,4857343
1746711000,205.305,210.47,202.81,206.5,14389953
1746797400,204.52,214.13,198.77,199.32,16384204
1747056600,208.94,213.6,205.61,207.22,14944202
1747143000,231.71,260.42,231.49,256.9,39119016
1747229400,256.855,264.49,253.55,263.41,18344716
1747315800,256.5,257.85,240,244.44,25917211
1747402200,249.755,270.45,248.83,266.46,72627546
1747661400,259.78,267.6,259.7,263.99,12437618
1747747800,265.12,265.3599,257.2485,261.38,8624570
1747834200,260.2,270.38,257.75,258.99,11747972
1747920600,265.13,277.01,263.51,271.95,15613719
1748007000,263,268.04,260.34,263.16,9290348
1748352600,269.025,270.1,264.67,266.4,7884467
1748439000,265.7,265.7,253.8,254.29,8305297
1748525400,258.72,258.94,246.76,248.84,7697224
1748611800,246.87,249.96,244.13,246.62,6070949
1748871000,247.46,249.86,240.91,246.72,6187956
1748957400,248.39,260.6,246.2182,258.91,9946425
1749043800,257.525,261.57,254.34,256,6026838
1749130200,261.05,265.65,240.08,244.2,12017059
1749216600,250.525,256.17,249.78,251.27,7360213
1749475800,255.66,258.25,252.4,256.63,6064774
1749562200,258.875,262.4,251.63,254.94,5857966
1749648600,257.21,259.9,249.06,250.68,5986082
1749735000,246.515,247.75,239.3459,241.05,7725301
1749821400,237.45,243.2,235.292,242.71,7062666
1750080600,247.765,263.3,245.32,261.57,12034651
1750167000,256.63,259.6275,248.68,253.85,9050764
1750253400,254,299.32,251.88,295.29,37434259
1750426200,303.58,310.75,298.1,308.38,31468823
1750685400,302.075,314.25,294.5601,307.59,17553692
1750771800,314.39,348.97,311.9,344.82,29670921
1750858200,360.595,369.28,343.62,355.37,30154317
1750944600,354.53,382,354.53,375.07,27371413
1751031000,369.54,372.5,346.66,353.43,29000430
1751290200,359.225,360.45,347.9,350.49,11227558
1751376600,339.98,353.3956,334,335.33,13132139
1751463000,340.58,357.1599,338.68,354.45,12493120
1751549400,350.345,357.8699,348.5,355.8,6704285
1751895000,354.2,363.9999,351,357.1,7885346
1751981400,362.75,368.79,348,354.82,9734990
1752067800,358.63,374,353.2901,373.85,13238439
1752154200,372.405,389.16,369,388.96,17241596
1752240600,390.185,395.5,378.37,387.06,16694618
1752499800,392.495,398.5,388.58,394.01,12473533
1752586200,391.525,400.8799,373.0201,388.02,16889292
1752672600,392.8,405.88,391.46,398.2,14404657
1752759000,399.7,415.9599,394.277,410.75,16840535
1752845400,419.82,444.645,406.5,419.78,28063197
1753104600,425.55,436.3799,413.44,413.63,17018145
1753191000,419.1,420.9799,394.37,404.44,14554940
1753277400,399.99,400.72,387.12,397.81,12433159
1753363800,404.25,405.3077,392,396.7,7904563
1753450200,391.9,397.48,386.385,391.66,8643321
1753709400,394.615,395.39,375.26,379.49,11270400
1753795800,383.585,384.7799,365.74,371.44,9334666
1753882200,382.95,386.58,372.71,377.48,11099969
1753968600,382.89,387.14,376.83,377.76,12371232
1754055000,335.14,337.5825,310.55,314.69,31342212
1754314200,319.54,324,311,318.17,12106371
1754400600,307.11,312.85,297.2,297.99,16863874
1754487000,297.55,304.77,293.3101,303.58,15982739
1754573400,311.23,317.94,306.98,310.79,13857155
1754659800,311.44,313.7,301.23,310.54,9253803
1754919000,322.1,333.66,318.8,319.62,14664369
1755005400,329.35,329.86,314.159,322.62,9985842
1755091800,328.21,345.3899,321.5301,327.01,15399789
1755178200,320.49,327.451,316.8,324.89,9403598
1755264600,322.85,323.4,314.56,317.55,7881210
1755523800,311.48,324.29,307.11,320.73,8798755
1755610200,320.69,322.59,301.45,302.07,10327734
1755696600,304.27,306.45,291.46,304.39,8570325
1755783000,301.415,304.9999,297.8001,300.28,5743375
1755869400,300.59,322.26,297.19,319.85,13029182
1756128600,312.175,315.59,305.1,306,8473899
1756215000,304,309.2,300.37,308.48,7745448
1756301400,307.21,312.41,306.69,308.97,5746292
1756387800,312.56,315.95,306,308.47,6292468
1756474200,306.19,308.22,301.5,304.54,6611440
1756819800,299.97,310.41,295.4,303.56,6814856
1756906200,305.01,308.371,301.15,302.31,5220799
1756992600,301.96,307.7705,300.01,306.8,6211763
1757079000,313.85,315.74,292.56,299.07,11366974
1757338200,301.88,306.6,297.1501,302.2,8824124
1757424600,303.77,319.3905,303.6,318.78,10361311
1757511000,321.4,328.6691,312.53,315.34,8664815
1757597400,319,326,315.53,323.95,7702730
1757683800,328.025,329.49,319.8,323.04,6929358
1757943000,322.87,328.44,320.965,327.02,6896855
1758029400,332.25,333.6,321.3,327.91,7434920
1758115800,325.96,328.49,311.3,320.56,8921227
1758202200,325.82,351.89,323.52,343.13,17324499
1758288600,342.76,349.7,337.66,342.46,13272061
1758547800,333.435,336.2,328.19,331.95,8720685
1758634200,333.38,335.6768,317.7,320.07,8245911
1758720600,323.76,327.3177,320.76,321.77,4869807
1758807000,314.33,317.99,304.36,306.69,8865274
1758893400,308.58,314.2374,303.4,312.59,6714775
1759152600,318.01,334.3799,316.3498,333.99,12066051
1759239000,329.995,338.1,329.662,337.49,6674692
1759325400,343.26,349.865,340.5,346.17,8843877
1759411800,354.76,376.1299,353.4,372.07,15750411
1759498200,373.35,383.4999,370.03,380.02,13648176
1759757400,390.325,392.85,380.5015,386.07,8692960
1759843800,386.84,388,363.01,375.78,9146307
1759930200,378.62,390.49,375.635,387.27,7122777
1760016600,384.26,392.155,381.8,387,6849024
1760103000,387.66,402.16,351.63,357.01,17223613
1760362200,363.2,364.895,341.84,356.99,10318439
1760448600,340.85,353.5,334.77,341.55,9446049
1760535000,345.81,347.8285,333.1,336.3,7947302
1760621400,338.485,342.6999,328.71,330.25,7611886
1760707800,319.41,336.3,317.77,336.02,9571073
1760967000,342.21,354.06,338.75,343.78,7544064
1761053400,342.28,344.79,335.5,338.62,6030873
1761139800,333.88,334.72,310.4801,320.33,12737834
1761226200,323,328.39,318.5,322.76,5866792
1761312600,334.995,356.88,333,354.46,13893113
1761571800,362.82,373.25,357.3,361.43,9688335
1761658200,363.23,368.125,354.07,355.22,6527799
1761744600,357.425,360,345.21,348.61,7560500
1761831000,343.47,344.215,328.21,328.51,8947687
1761917400,336,361.4,334.43,343.78,13757301
1762180200,340.87,342.8,325.8801,330.42,9341726
1762266600,319,325.45,306.85,307.32,12420251
1762353000,315.885,324.14,310.8401,319.3,8215486
1762439400,316.5,316.6,294.72,295.22,12191181
1762525800,290.2,310.93,283.65,309.14,11984207
1762785000,323.02,324.8,311.66,317.93,8949778
1762871400,312.2,317.0899,303.59,304.01,7095194
1762957800,309.23,311.5,301.46,304,6967628
1763044200,301.66,303.96,279.83,283.14,11109537
1763130600,269.52,292.76,268.16,284,11784788
1763389800,274.92,277.83,258.22,263.95,15822422
1763476200,261.75,271,261,261.79,10854478
1763562600,261.865,262.8199,247.02,257.29,13287276
1763649000,259.98,263.63,236,238.16,15524200
1763735400,243.915,246.13,231.17,240.41,12396471
1763994600,244.68,257.95,243.0101,255.97,10005785
1764081000,247.755,254.37,240.74,254.12,8525315
1764167400,256.2,266.6225,253.8432,264.97,9929309
1764340200,274.005,279.87,269.2901,272.82,8977766
1764599400,260.525,265.9,252.2,259.84,12119333
1764685800,267.68,272.55,263.21,263.26,9059342
1764772200,268,277.5923,264.13,276.92,9466658
1764858600,273.6,284.24,271.26,274.05,6469235
1764945000,270.425,274.05,265.01,269.73,7173470
1765204200,272.805,276.63,269.5201,274.2,5936960
1765290600,270.63,284.74,266.83,277.36,7876570
1765377000,273.2,279.443,270.76,275.09,6818620
1765463400,266.9,271.16,258.72,269.02,7969600
1765549800,271.66,278.2,263.16,267.46,8180316
1765809000,267.99,268.5827,246.8,250.42,10885692
1765895400,253.56,257,250.32,252.61,6907433
1765981800,254.78,259.55,243.7,244.19,8429505
1766068200,253.095,255.41,239.1,239.2,9291486
1766154600,244.575,247,240.85,245.12,10613048
1766413800,251.68,254.87,247.43,247.9,6233075
1766500200,243.25,245.1999,238.8,242.3,7004229
1766586600,240.28,241,237.14,239.73,3869012
1766759400,240.4,240.49,232.8057,236.9,5925726
1767018600,234.36,239.89,232.78,233.77,6362579
1767105000,233.65,236.06,231.5,231.6,5652053
1767191400,231.22,232.39,225.47,226.14,6678151
1767364200,230.595,238.49,225.91,236.53,8760200
1767623400,247.105,258.88,246.53,254.92,13695272
1767709800,255.21,258.35,245.72,250.56,8672516
1767796200,248.28,248.9399,240.25,245.93,7488912
1767882600,244.615,250.38,242.25,245.59,6897249
1767969000,246.07,246.9,237.15,240.78,8104541
1768228200,239.63,248,238.04,242.98,5957250
1768314600,245.5,255.51,244.65,252.69,9026984
1768401000,256.92,263.07,253,255.86,10804496
1768487400,250.59,251.2,237.4301,239.28,12098913
1768573800,239.485,243.19,236.14,241.15,7622434
1768919400,232.64,234.9,225.96,227.73,9757893
1769005800,228.76,231.45,222.4,226.93,8476486
1769092200,228.525,230.75,223.02,223.14,7088821
1769178600,222.745,222.745,215.72,216.95,12975056
1769437800,212.175,215.64,210.89,213.48,7077472
1769524200,213.48,213.555,207.77,210.83,7465529
1769610600,213.28,214.39,206.8,209.43,9046574
1769697000,206.815,207,194.21,199.18,14604282
1769783400,198.7,198.96,190.96,194.74,9635409
1770042600,189.805,190.9399,185.08,187.86,12288663
1770129000,188.68,188.68,174.05,179.66,12610294
1770215400,176.11,176.75,164.42,168.62,16627614
1770301800,160.43,165,145.16,146.12,29610518
1770388200,154.555,165.52,151.57,165.12,19776132
1770647400,160.095,167.57,159.01,167.25,10618457
1770733800,162.56,167.92,161.86,162.51,8835243
1770820200,157.7,158.1,148.85,153.2,13923803
1770906600,153.095,153.2,139.36,141.09,19986069
1770993000,153.7,167.65,146.16,164.32,32410122
1771338600,162.475,170.54,158.4,166.02,16770648
1771425000,165.395,173.88,163.15,164.05,13792220
1771511400,162.42,167.58,161.12,165.94,8001662
1771597800,164.88,175.545,164.12,171.35,13692187
1771857000,166.16,168.1,158.66,160.24,12685504
1771943400,155.835,162.28,152.7,162.03,10442922
1772029800,171.78,185.82,169.75,183.94,23793923
1772116200,181.44,186.39,176.7501,181.06,12746623
1772202600,175.35,179.0565,171.81,175.85,11427866
1772461800,172.495,186.35,172.22,185.24,12306820
1772548200,177.18,186.3031,172.05,182.36,12828757